time,flux
0.0,1000.0
0.05004170141784821,1001.571847395597
0.10008340283569642,1003.1421409791914
0.15012510425354464,1004.7093284747637
0.20016680567139283,1006.2718606767436
0.25020850708924103,1007.8281929814394
0.3002502085070893,1009.3767869139189
0.3502919099249375,1010.9161116488319
0.40033361134278567,1012.4446455236712
0.45037531276063386,1013.9608775429749
0.5004170141784821,1015.4633088719852
0.5504587155963303,1016.9504543182852
0.6005004170141786,1018.4208437999506
0.6505421184320267,1019.8730237987634
0.700583819849875,1021.3055587970526
0.7506255212677231,1022.7170326967411
0.8006672226855713,1024.106050219195
0.8507089241034196,1025.4712382844925
0.9007506255212677,1026.8112473687502
0.950792326939116,1028.1247528381616
1.0008340283569641,1029.4104562584323
1.0508757297748124,1030.6670866783159
1.1009174311926606,1031.8934018859827
1.1509591326105089,1033.0881896369779
1.2010008340283571,1034.2502688525574
1.2510425354462051,1035.3784907872143
1.3010842368640534,1036.4717401642436
1.3511259382819016,1037.5289362782228
1.40116763969975,1038.5490340633164
1.4512093411175981,1039.5310251263522
1.5012510425354462,1040.4739387436418
1.5512927439532944,1041.376842820569
1.6013344453711427,1042.2388448129868
1.651376146788991,1043.0590926095226
1.7014178482068392,1043.836775373911
1.7514595496246872,1044.571124346528
1.8015012510425354,1045.261413604328
1.8515429524603837,1045.9069607784395
1.901584653878232,1046.507127728703
1.9516263552960802,1047.0613211744899
2.0016680567139282,1047.5689932811754
2.0517097581317767,1048.0296422016877
2.1017514595496247,1048.442812572597
2.1517931609674728,1048.8080959642532
2.2018348623853212,1049.1251312845297
2.2518765638031693,1049.393605135773
2.3019182652210177,1049.6132521246036
2.3519599666388658,1049.783855124264
2.4020016680567142,1049.9052454892555
2.4520433694745623,1049.977303222047
2.5020850708924103,1049.9999570916975
2.5521267723102588,1049.9731847042674
2.602168473728107,1049.8970125249577
2.6522101751459553,1049.7715158519475
2.7022518765638033,1049.5968187419596
2.7522935779816513,1049.3730938876276
2.8023352793995,1049.1005624467846
2.852376980817348,1048.779493823843
2.9024186822351963,1048.410205403481
2.9524603836530443,1047.9930622369002
3.0025020850708923,1047.5284766809618
3.052543786488741,1047.0169079905627
3.102585487906589,1046.4588618646492
3.1526271893244373,1045.8548899463199
3.2026688907422853,1045.2055892775134
3.2527105921601334,1044.5116017088162
3.302752293577982,1043.7736132649768
3.35279399499583,1042.9923534667519
3.4028356964136783,1042.1685946097568
3.4528773978315264,1041.3031510010314
3.5029190992493744,1040.3968781540757
3.552960800667223,1039.4506719431527
3.603002502085071,1038.465467717694
3.6530442035029194,1037.4422393776815
3.7030859049207674,1036.3819984109234
3.7531276063386154,1035.2857928931703
3.803169307756464,1034.1547064520673
3.853211009174312,1032.9898571959582
3.9032527105921604,1031.7923966086069
3.9532944120100084,1030.563508410926
4.0033361134278564,1029.3044073908375
4.053377814845705,1028.0163382024236
4.103419516263553,1026.7005741355542
4.153461217681401,1025.358415857206
4.2035029190992494,1023.9911901257194
4.253544620517098,1022.6002484792643
4.3035863219349455,1021.1869658998088
4.353628023352794,1019.7527394539135
4.4036697247706424,1018.2989869116958
4.453711426188491,1016.8271453453266
4.5037531276063385,1015.3386697084472
4.553794829024187,1013.8350313979101
4.6038365304420354,1012.3177167992649
4.653878231859883,1010.7882258174269
4.7039199332777315,1009.2480703939832
4.75396163469558,1007.6987730125984
4.8040033361134284,1006.141865194
4.854045037531276,1004.5788859820309
4.9040867389491245,1003.0113804222636
4.954128440366973,1001.4408980346833
5.004170141784821,999.8689912819469
5.054211843202669,998.2972140347332
5.1042535446205175,996.7271200357014
5.154295246038365,995.1602613635763
5.204336947456214,993.5981868988778
5.254378648874062,992.0424407928123
5.3044203502919105,990.4945609408395
5.354462051709758,988.9560774624223
5.404503753127607,987.4285111884643
5.454545454545455,985.9133721579285
5.504587155963303,984.4121581251251
5.554628857381151,982.9263530791418
5.604670558799,981.4574257768826
5.654712260216847,980.0068282911632
5.704753961634696,978.5759945752989
5.754795663052544,977.1663390456052
5.804837364470393,975.7792551832102
5.85487906588824,974.416114156562
5.904920767306089,973.0782634659932
5.954962468723937,971.7670256116824
6.005004170141785,970.4836967863273
6.055045871559633,969.2295455938254
6.105087572977482,968.0058117952258
6.155129274395329,966.8137050831933
6.205170975813178,965.6544038861955
6.255212677231026,964.5290542035956
6.305254378648875,963.4387684728026
6.355296080066722,962.3846244695982
6.405337781484571,961.3676642427263
6.455379482902419,960.388893083802
6.505421184320267,959.4492785335542
6.555462885738115,958.5497494253862
6.605504587155964,957.6911949672001
6.655546288573812,956.8744638623917
6.70558798999166,956.1003634708849
6.755629691409508,955.3696590110353
6.805671392827357,954.6830728031927
6.855713094245204,954.0412835556676
6.905754795663053,953.4449256938115
6.955796497080901,952.8945887328699
7.005838198498749,952.3908166952322
7.055879899916597,951.9341075726502
7.105921601334446,951.5249128339617
7.155963302752294,951.1636369788009
7.206005004170142,950.8506371377399
7.25604670558799,950.5862227192566
7.306088407005839,950.3706551038758
7.356130108423686,950.2041473857878
7.406171809841535,950.0868641621995
7.456213511259383,950.0189213706255
7.506255212677231,950.0003861742813
7.556296914095079,950.03127689569
7.606338615512928,950.1115629985708
7.656380316930776,950.2411651180242
7.706422018348624,950.419955138987
7.756463719766472,950.6477563228767
7.806505421184321,950.9243434823022
7.856547122602168,951.2494432036683
7.906588824020017,951.6227341174509
7.956630525437865,952.04384721588
8.006672226855713,952.5123662177131
8.056713928273561,953.02782797974
8.10675562969141,953.5897229546122
8.156797331109258,954.1974956945435
8.206839032527107,954.8505454003845
8.256880733944955,955.5482265155282
8.306922435362802,956.2898493640595
8.35696413678065,957.0746808325181
8.407005838198499,957.9019450945997
8.457047539616347,958.7708243780805
8.507089241034196,959.6804597732068
8.557130942452044,960.6299520817494
8.607172643869891,961.6183627058836
8.65721434528774,962.6447145760189
8.707256046705588,963.7079931166571
8.757297748123436,964.807147249326
8.807339449541285,965.9410904315987
8.857381150959133,967.1087017311681
8.907422852376982,968.3088269339189
8.957464553794829,969.5402796848965
9.007506255212677,970.8018426610516
9.057547956630525,972.0922687745942
9.107589658048374,973.410282405773
9.157631359466222,974.7545806638586
9.207673060884071,976.1238346750845
9.25771476230192,977.5166908962738
9.307756463719766,978.9317724528516
9.357798165137615,980.3676804999216
9.407839866555463,981.8229956050599
9.457881567973311,983.2962791514616
9.50792326939116,984.7860747600505
9.557964970809008,986.290909729148
9.608006672226857,987.8092964902764
9.658048373644704,989.3397340786596
9.708090075062552,990.8807096169656
9.7581317764804,992.430699810825
9.808173477898249,993.9881724546468
9.858215179316097,995.5515879462444
9.908256880733946,997.1194008087708
9.958298582151793,998.6900612184643
10.008340283569641,1000.2620165366886
10.05838198498749,1001.8337128447567
10.108423686405338,1003.4035964800196
10.158465387823187,1004.9701155717029
10.208507089241035,1006.5317215749704
10.258548790658883,1008.0868708017023
10.30859049207673,1009.6340259464694
10.358632193494579,1011.1716576062008
10.408673894912427,1012.698245792038
10.458715596330276,1014.2122814318832
10.508757297748124,1015.712267862157
10.558798999165973,1017.1967223072882
10.608840700583821,1018.6641773454771
10.658882402001668,1020.1131823592796
10.708924103419516,1021.5423049695796
10.758965804837365,1022.9501324515344
10.809007506255213,1024.3352731310886
10.859049207673062,1025.6963577606807
10.90909090909091,1027.0320408727798
10.959132610508757,1028.3410021099155
11.009174311926605,1029.6219475298851
11.059216013344454,1030.8736108848493
11.109257714762302,1032.0947548730508
11.15929941618015,1033.28417236192
11.209341117598,1034.440687581356
11.259382819015848,1035.563157286007
11.309424520433694,1036.650471885397
11.359466221851543,1037.7015565407855
11.409507923269391,1038.7153722276726
11.45954962468724,1039.6909167629028
11.509591326105088,1040.627225795349
11.559633027522937,1041.523373759198
11.609674728940785,1042.3784747888965
11.659716430358632,1043.1916835948525
11.70975813177648,1043.9621962990266
11.759799833194329,1044.689251229585
11.809841534612177,1045.3721296738322
11.859883236030026,1046.010156588679
11.909924937447874,1046.602701267937
11.959966638865723,1047.1491779657908
12.01000834028357,1047.649046475822
12.060050041701418,1048.1018126650165
12.110091743119266,1048.507028962229
12.160133444537115,1048.8642948006184
12.210175145954963,1049.173257013618
12.260216847372812,1049.4336101840502
12.310258548790658,1049.6450969460395
12.360300250208507,1049.8075082394253
12.410341951626355,1049.920683516423
12.460383653044204,1049.98451090033
12.510425354462052,1049.998927296118
12.5604670558799,1049.9639184528055
12.61050875729775,1049.8795189775437
12.660550458715596,1049.7458123014078
12.710592160133444,1049.5629305969217
12.760633861551293,1049.3310546474038
12.810675562969141,1049.0504136682564
12.86071726438699,1048.7212850803814
12.910758965804838,1048.3439942359416
12.960800667222687,1047.918914096743
13.010842368640533,1047.4464648655508
13.060884070058382,1046.9271135707086
13.11092577147623,1046.3613736044697
13.160967472894079,1045.749804215494
13.211009174311927,1045.093009956017
13.261050875729776,1044.391640084235
13.311092577147624,1043.646387922494
13.361134278565471,1042.8579901719252
13.41117597998332,1042.0272261841956
13.461217681401168,1041.1549171910983
13.511259382819016,1040.2419254927443
13.561301084236865,1039.2891536051561
13.611342785654713,1038.297543368107
13.66138448707256,1037.2680750140883
13.711426188490409,1036.2017661993234
13.761467889908257,1035.0996709977894
13.811509591326105,1033.962878859236
13.861551292743954,1032.7925135322378
13.911592994161802,1031.5897319533378
13.96163469557965,1030.3557231033874
14.011676396997498,1029.091706832206
14.061718098415346,1027.79893265273
14.111759799833195,1026.4786785058343
14.161801501251043,1025.1322494970566
14.211843202668891,1023.7609766064659
14.26188490408674,1022.3662153729535
14.311926605504588,1020.9493445542489
14.361968306922435,1019.5117647639803
14.412010008340284,1018.0548970871333
14.462051709758132,1016.5801816752702
14.51209341117598,1015.0890763229035
14.562135112593829,1013.5830550264275
14.612176814011677,1012.0636065270352
14.662218515429526,1010.5322328390588
14.712260216847373,1008.9904477651891
14.762301918265221,1007.4397754000423
14.81234361968307,1005.8817486235534
14.862385321100918,1004.3179075856839
14.912427022518767,1002.7497981839438
14.962468723936615,1001.1789705352319
15.012510425354462,999.6069774435045
15.06255212677231,998.0353728647889
15.112593828190159,996.4657103710568
15.162635529608007,994.8995416144791
15.212677231025856,993.3384147935759
15.262718932443704,991.7838731227833
15.312760633861553,990.2374533069454
15.3628023352794,988.7006840222415
15.412844036697248,987.17508440505
15.462885738115096,985.6621625502427
15.512927439532945,984.1634140203938
15.562969140950793,982.6803203673774
15.613010842368642,981.2143476678151
15.66305254378649,979.7669450738208
15.713094245204337,978.3395433804768
15.763135946622185,976.9335536114548
15.813177648040034,975.5503656241831
15.863219349457882,974.1913467359361
15.91326105087573,972.8578403722056
15.963302752293579,971.5511647386899
16.013344453711426,970.2726115182131
16.063386155129276,969.0234445938632
16.113427856547123,967.8048987996108
16.163469557964973,966.6181786996431
16.21351125938282,965.464457397622
16.263552960800666,964.3448753770396
16.313594662218517,963.2605393738208
16.363636363636363,962.2125212822871
16.413678065054214,961.2018570955595
16.46371976647206,960.229545881454
16.51376146788991,959.2965487948755
16.563803169307757,958.4037881276934
16.613844870725604,957.5521463970293
16.663886572143454,956.7424654728684
16.7139282735613,955.9755457458476
16.76396997497915,955.2521453360495
16.814011676396998,954.5729793435801
16.864053377814844,953.9387191416744
16.914095079232695,953.3499917130265
16.96413678065054,952.8073790300006
17.01417848206839,952.3114174793362
17.06422018348624,951.8625973319163
17.11426188490409,951.4613622581212
17.164303586321935,951.1081088892497
17.214345287739782,950.8031864254378
17.264386989157632,950.546896290466
17.31442869057548,950.3394918337934
17.36447039199333,950.1811780801162
17.414512093411176,950.0721115266942
17.464553794829026,950.0123999886503
17.514595496246873,950.0021024923916
17.56463719766472,950.0412292172608
17.61467889908257,950.1297414854736
17.664720600500416,950.2675518003523
17.714762301918267,950.454523932819
17.764804003336113,950.6904730560615
17.814845704753964,950.975165928239
17.86488740617181,951.3083211230481
17.914929107589657,951.6896093079204
17.964970809007507,952.1186535695751
18.015012510425354,952.5950297866092
18.065054211843204,953.1182670487508
18.11509591326105,953.6878481223674
18.1651376146789,954.3032099617647
18.215179316096748,954.9637442657707
18.265221017514595,955.6687980790591
18.315262718932445,956.417674437611
18.36530442035029,957.2096330576827
18.415346121768142,958.0438910675955
18.46538782318599,958.9196237816241
18.51542952460384,959.8359655152204
18.565471226021685,960.7920104407654
18.615512927439532,961.7868134830022
18.665554628857382,962.8193912532693
18.71559633027523,963.8887230216035
18.76563803169308,964.9937517257605
18.815679733110926,966.1333850161462
18.865721434528776,967.3064963356344
18.915763135946623,968.5119260331966
18.96580483736447,969.7484825102475
19.01584653878232,971.014943398572
19.065888240200167,972.3100567686663
19.115929941618017,973.6325423673045
19.165971643035864,974.9810928831007
19.216013344453714,976.3543752388217
19.26605504587156,977.751031909167
19.316096747289407,979.1696822627192
19.366138448707257,980.6089239267332
19.416180150125104,982.0673341734182
19.466221851542954,983.5434713263414
19.5162635529608,985.0358761855626
19.566305254378648,986.5430734700907
19.616346955796498,988.0635732762382
19.666388657214345,989.595872550429
19.716430358632195,991.1384565750063
19.76647206005004,992.68980046557
19.816513761467892,994.248370678365
19.86655546288574,995.8126265262289
19.916597164303585,997.3810217016011
19.966638865721436,998.9520058050883
20.016680567139282,1000.5240258780744
20.066722268557132,1002.0955279378609
20.11676396997498,1003.664958513818
20.16680567139283,1005.2307661830322
20.216847372810676,1006.7914031039273
20.266889074228523,1008.345326546346
20.316930775646373,1009.8910004165793
20.36697247706422,1011.4268967758344
20.41701417848207,1012.9514973506425
20.467055879899917,1014.4632950337109
20.517097581317767,1015.9607953737386
20.567139282735614,1017.4425180527194
20.61718098415346,1018.9069983492752
20.66722268557131,1020.3527885865715
20.717264386989157,1021.7784595633823
20.767306088407008,1023.1826019668943
20.817347789824854,1024.563827765848
20.867389491242704,1025.9207715826428
20.91743119266055,1027.2520920430493
20.967472894078398,1028.5564731021914
21.017514595496248,1029.8326253454914
21.067556296914095,1031.0792872632896
21.117597998331945,1032.2952264978796
21.16763969974979,1033.479241061726
21.217681401167642,1034.63016052566
21.26772310258549,1035.7468471758789
21.317764804003335,1036.8281971386064
21.367806505421186,1037.8731414713004
21.417848206839032,1038.8806472193298
21.467889908256883,1039.8497184370779
21.51793160967473,1040.7793971724595
21.56797331109258,1041.6687644138829
21.618015012510426,1042.5169409987147
21.668056713928273,1043.3230884823572
21.718098415346123,1044.0864099670712
21.76814011676397,1044.8061508897301
21.81818181818182,1045.481599767726
21.868223519599667,1046.112088902288
21.918265221017514,1046.6969950385203
21.968306922435364,1047.2357399815055
22.01834862385321,1047.7277911678657
22.06839032527106,1048.1726621922146
22.118432026688907,1048.5699132879827
22.168473728106758,1048.919151762137
22.218515429524604,1049.2200323833692
22.26855713094245,1049.4722577233658
22.3185988323603,1049.6755784508223
22.368640533778148,1049.8297935779156
22.418682235196,1049.9347506589843
22.468723936613845,1049.9903459412262
22.518765638031695,1049.9965244672599
22.568807339449542,1049.9532801294515
22.61884904086739,1049.8606556759532
22.66889074228524,1049.7187426684445
22.718932443703086,1049.5276813916216
22.768974145120936,1049.2876607145222
22.819015846538782,1048.998917903824
22.869057547956633,1048.6617383892994
22.91909924937448,1048.2764554816622
22.969140950792326,1047.8434500430797
23.019182652210176,1047.3631501106818
23.069224353628023,1046.836030473435
23.119266055045873,1046.2626122027998
23.16930775646372,1045.6434621376407
23.21934945788157,1044.979192323888
23.269391159299417,1044.2704594095173
23.319432860717264,1043.5179639954345
23.369474562135114,1042.7224499429135
23.41951626355296,1041.8847036382704
23.46955796497081,1041.0055532155006
23.519599666388658,1040.0858677376461
23.569641367806508,1039.126556337704
23.619683069224354,1038.128567319926
23.6697247706422,1037.0928872223935
23.71976647206005,1036.0205398418002
23.769808173477898,1034.9125852214022
23.81984987489575,1033.7701186031372
23.869891576313595,1032.5942693449501
23.919933277731445,1031.3861998043928
23.969974979149292,1030.147104189604
24.02001668056714,1028.878207378803
24.07005838198499,1027.5807637094651
24.120100083402836,1026.2560557383786
24.170141784820686,1024.9053929738018
24.220183486238533,1023.530110580981
24.270225187656383,1022.1315680623051
24.32026688907423,1020.7111479134016
24.370308590492076,1019.2702542565049
24.420350291909926,1017.8103114524429
24.470391993327773,1016.3327626926215
24.520433694745623,1014.8390685723912
24.57047539616347,1013.3307056472106
24.620517097581317,1011.809164973034
24.670558798999167,1010.2759506323619
24.720600500417014,1008.7325782474186
24.770642201834864,1007.1805734819187
24.82068390325271,1005.6214705329095
24.87072560467056,1004.0568106141766
24.920767306088408,1002.4881404327157
24.970809007506254,1000.9170106597703
25.020850708924105,999.3449743979546
25.07089241034195,997.7735856459708
25.1209341117598,996.2043977624402
25.170975813177648,994.6389619303687
25.2210175145955,993.0788256237622
25.271059216013345,991.5255310779074
25.321100917431192,989.980613764833
25.371142618849042,988.445600875455
25.42118432026689,986.9220098099097
25.47122602168474,985.4113466775632
25.521267723102586,983.9151048081842
25.571309424520436,982.4347632757472
25.621351125938283,980.9717854363314
25.67139282735613,979.527617481554
25.72143452877398,978.1036870089715
25.771476230191826,976.7014016108643
25.821517931609677,975.3221474827935
25.871559633027523,973.9672880533117
25.921601334445374,972.6381626361773
25.97164303586322,971.3360851064093
26.021684737281067,970.0623426014868
26.071726438698917,968.8181942489798
26.121768140116764,967.6048699218708
26.171809841534614,966.423569022791
26.22185154295246,965.2754592983812
26.27189324437031,964.1616756849431
26.321934945788158,963.0833191865258
26.371976647206004,962.0414557865547
26.422018348623855,961.0371153940782
26.4720600500417,960.0712908256771
26.52210175145955,959.144936824039
26.5721434528774,958.2589691141706
26.62218515429525,957.414263498179
26.672226855713095,956.6116549895196
26.722268557130942,955.851936987563
26.772310258548792,955.1358604932991
26.82235195996664,954.4641333669533
26.87239366138449,953.837419628248
26.922435362802336,953.2563388000023
26.972477064220183,952.721465295717
27.022518765638033,952.2333278517526
27.07256046705588,951.792409004659
27.12260216847373,951.3991446141761
27.172643869891576,951.0539234323746
27.222685571309427,950.7570867193651
27.272727272727273,950.5089279059533
27.32276897414512,950.3096923035758
27.37281067556297,950.1595768618037
27.422852376980817,950.0587299736525
27.472894078398667,950.0072513288923
27.522935779816514,950.0051918155013
27.572977481234364,950.0525534693621
27.62301918265221,950.1492894722489
27.673060884070058,950.2953041981087
27.723102585487908,950.4904533075901
27.773144286905755,950.7345438907263
27.823185988323605,951.0273346576321
27.87322768974145,951.3685361770248
27.9232693911593,951.7578111623346
27.97331109257715,952.1947748051215
28.023352793994995,952.6789951554678
28.073394495412845,953.2099935489723
28.123436196830692,953.7872450799224
28.173477898248542,954.4101791201772
28.22351959966639,955.0781798832477
28.27356130108424,955.7905870330185
28.323603002502086,956.5466963365064
28.373644703919933,957.345760360014
28.423686405337783,958.1869892079861
28.47372810675563,959.0695513038434
28.52376980817348,959.9925742120159
28.573811509591327,960.9551455003701
28.623853211009177,961.95631364217
28.673894912427023,962.9950889566871
28.72393661384487,964.0704445875257
28.77397831526272,965.1813175176958
28.824020016680567,966.3266096204346
28.874061718098417,967.5051887447327
28.924103419516264,968.7158898344944
28.974145120934114,969.9575160802264
29.02418682235196,971.2288401021149
29.074228523769808,972.5286051633228
29.124270225187658,973.8555264123063
29.174311926605505,975.2082921529243
29.224353628023355,976.5855651410836
29.2743953294412,977.9859839066406
29.324437030859052,979.4081640992484
29.3744787322769,980.8506998568245
29.424520433694745,982.3121651952807
29.474562135112595,983.7911154181473
29.524603836530442,985.2860885446905
29.574645537948292,986.7956067551208
29.62468723936614,988.318177851455
29.674728940783986,989.8522967325927
29.724770642201836,991.3964468821482
29.774812343619683,992.9491018675664
29.824854045037533,994.508726849041
29.87489574645538,996.073780096743
29.92493744787323,997.6427145148616
29.974979149291077,999.2139791709477
30.025020850708923,1000.7860208290523
30.075062552126774,1002.3572854851385
30.12510425354462,1003.9262199032569
30.17514595496247,1005.4912731509589
30.225187656380317,1007.0508981324336
30.275229357798167,1008.6035531178519
30.325271059216014,1010.1477032674072
30.37531276063386,1011.6818221485449
30.42535446205171,1013.204393244879
30.475396163469558,1014.7139114553095
30.525437864887408,1016.2088845818528
30.575479566305255,1017.6878348047192
30.625521267723105,1019.1493001431757
30.67556296914095,1020.5918359007517
30.7256046705588,1022.0140160933594
30.77564637197665,1023.4144348589164
30.825688073394495,1024.7917078470757
30.875729774812346,1026.1444735876935
30.925771476230192,1027.471394836677
30.975813177648043,1028.7711598978854
31.02585487906589,1030.0424839197738
31.075896580483736,1031.2841101655056
31.125938281901586,1032.4948112552672
31.175979983319433,1033.6733903795653
31.226021684737283,1034.8186824823042
31.27606338615513,1035.9295554124742
31.32610508757298,1037.0049110433129
31.376146788990827,1038.04368635783
31.426188490408673,1039.0448544996298
31.476230191826524,1040.007425787984
31.52627189324437,1040.9304486961566
31.57631359466222,1041.813010792014
31.626355296080067,1042.654239639986
31.676396997497918,1043.4533036634934
31.726438698915764,1044.2094129669815
31.77648040033361,1044.9218201167523
31.82652210175146,1045.5898208798228
31.876563803169308,1046.2127549200775
31.926605504587158,1046.7900064510277
31.976647206005005,1047.3210048445321
32.02668890742285,1047.8052251948784
32.0767306088407,1048.2421888376653
32.12677231025855,1048.6314638229753
32.1768140116764,1048.972665342368
32.226855713094245,1049.2654561092738
32.27689741451209,1049.50954669241
32.326939115929946,1049.7046958018914
32.37698081734779,1049.850710527751
32.42702251876564,1049.9474465306378
32.477064220183486,1049.9948081844987
32.52710592160133,1049.9927486711076
32.57714762301919,1049.9412700263476
32.62718932443703,1049.8404231381965
32.67723102585488,1049.690307696424
32.72727272727273,1049.4910720940466
32.77731442869057,1049.2429132806349
32.82735613010843,1048.9460765676254
32.877397831526274,1048.600855385824
32.92743953294412,1048.207590995341
32.97748123436197,1047.7666721482474
33.02752293577982,1047.278534704283
33.07756463719767,1046.7436611999979
33.127606338615514,1046.162580371752
33.17764804003336,1045.5358666330467
33.22768974145121,1044.864139506701
33.27773144286906,1044.148063012437
33.32777314428691,1043.3883450104804
33.377814845704755,1042.585736501821
33.4278565471226,1041.7410308858296
33.47789824854045,1040.855063175961
33.5279399499583,1039.9287091743229
33.57798165137615,1038.9628846059218
33.628023352793996,1037.9585442134453
33.67806505421184,1036.9166808134742
33.72810675562969,1035.838324315057
33.77814845704754,1034.7245407016187
33.82819015846539,1033.576430977209
33.878231859883236,1032.3951300781293
33.92827356130108,1031.1818057510202
33.97831526271894,1029.9376573985132
34.02835696413678,1028.6639148935906
34.07839866555463,1027.3618373638228
34.12844036697248,1026.0327119466883
34.17848206839032,1024.6778525172065
34.22852376980818,1023.2985983891356
34.278565471226024,1021.8963129910285
34.32860717264387,1020.4723825184461
34.37864887406172,1019.0282145636686
34.428690575479564,1017.5652367242529
34.47873227689742,1016.0848951918159
34.528773978315265,1014.5886533224367
34.57881567973311,1013.0779901900904
34.62885738115096,1011.5543991245451
34.67889908256881,1010.019386235167
34.72894078398666,1008.4744689220925
34.778982485404505,1006.9211743762378
34.82902418682235,1005.3610380696313
34.8790658882402,1003.7956022375598
34.92910758965805,1002.2264143540291
34.9791492910759,1000.6550256020454
35.029190992493746,999.0829893402297
35.07923269391159,997.5118595672843
35.12927439532944,995.9431893858234
35.17931609674729,994.3785294670905
35.22935779816514,992.8194265180812
35.279399499582986,991.2674217525814
35.32944120100083,989.7240493676383
35.37948290241869,988.190835026966
35.42952460383653,986.6692943527893
35.47956630525438,985.160931427609
35.52960800667223,983.6672373073786
35.57964970809007,982.1896885475571
35.62969140950793,980.729745743495
35.679733110925774,979.2888520865982
35.72977481234362,977.8684319376948
35.77981651376147,976.469889419019
35.829858215179314,975.0946070261983
35.87989991659717,973.7439442616213
35.929941618015015,972.4192362905349
35.97998331943286,971.1217926211971
36.03002502085071,969.8528958103959
36.080066722268555,968.6138001956073
36.13010842368641,967.4057306550499
36.180150125104255,966.2298813968628
36.2301918265221,965.0874147785979
36.28023352793995,963.9794601581999
36.3302752293578,962.9071127776066
36.38031693077565,961.871432680074
36.430358632193496,960.8734436622959
36.48040033361134,959.914132262354
36.53044203502919,958.9944467844994
36.58048373644704,958.1152963617295
36.63052543786489,957.2775500570866
36.680567139282736,956.4820360045655
36.73060884070058,955.7295405904827
36.78065054211843,955.0208076761121
36.830692243536284,954.3565378623595
36.88073394495413,953.7373877972001
36.93077564637198,953.1639695265652
36.980817347789824,952.6368498893182
37.03085904920768,952.1565499569203
37.080900750625524,951.7235445183379
37.13094245204337,951.3382616107006
37.18098415346122,951.0010820961761
37.231025854879064,950.7123392854778
37.28106755629692,950.4723186083784
37.331109257714765,950.2812573315555
37.38115095913261,950.1393443240468
37.43119266055046,950.0467198705484
37.481234361968305,950.0034755327401
37.53127606338616,950.0096540587738
37.581317764804005,950.0652493410157
37.63135946622185,950.1702064220846
37.6814011676397,950.3244215491777
37.73144286905755,950.5277422766343
37.7814845704754,950.7799676166306
37.831526271893246,951.080848237863
37.88156797331109,951.4300867120173
37.93160967472894,951.8273378077854
37.98165137614679,952.2722088321343
38.03169307756464,952.7642600184945
38.08173477898249,953.3030049614797
38.13177648040033,953.887911097712
38.18181818181818,954.5184002322741
38.231859883236034,955.19384911027
38.28190158465388,955.9135900329288
38.33194328607173,956.6769115176426
38.381984987489574,957.4830590012853
38.43202668890743,958.3312355861174
38.482068390325274,959.2206028275405
38.53211009174312,960.150281562922
38.58215179316097,961.1193527806702
38.632193494578814,962.1268585286995
38.68223519599667,963.1718028613936
38.732276897414515,964.2531528241211
38.78231859883236,965.3698394743401
38.83236030025021,966.520758938274
38.882402001668055,967.7047735021201
38.93244370308591,968.9207127367104
38.982485404503755,970.1673746545086
39.0325271059216,971.4435268978086
39.08256880733945,972.7479079569506
39.132610508757296,974.0792284173572
39.18265221017515,975.4361722341522
39.232693911592996,976.8173980331056
39.28273561301084,978.2215404366176
39.33277731442869,979.6472114134284
39.38281901584654,981.0930016507248
39.43286071726439,982.5574819472806
39.48290241868224,984.0392046262614
39.53294412010008,985.5367049662891
39.58298582151793,987.0485026493574
39.633027522935784,988.5731032241656
39.68306922435363,990.1089995834208
39.73311092577148,991.654673453654
39.783152627189324,993.2085968960727
39.83319432860717,994.7692338169677
39.883236030025024,996.3350414861821
39.93327773144287,997.9044720621392
39.98331943286072,999.4759741219254
40.033361134278564,1001.0479941949117
40.08340283569642,1002.618978298399
40.133444537114265,1004.1873734737711
40.18348623853211,1005.751629321635
40.23352793994996,1007.31019953443
40.283569641367805,1008.8615434249936
40.33361134278566,1010.404127449571
40.383653044203506,1011.9364267237618
40.43369474562135,1013.4569265299093
40.4837364470392,1014.9641238144374
40.533778148457046,1016.4565286736585
40.5838198498749,1017.9326658265817
40.633861551292746,1019.3910760732668
40.68390325271059,1020.8303177372807
40.73394495412844,1022.2489680908328
40.78398665554629,1023.6456247611785
40.83402835696414,1025.0189071168995
40.88407005838199,1026.3674576326955
40.93411175979983,1027.6899432313337
40.98415346121768,1028.985056601428
41.034195162635534,1030.2515174897526
41.08423686405338,1031.4880739668033
41.13427856547123,1032.6935036643656
41.184320266889074,1033.8666149838539
41.23436196830692,1035.0062482742396
41.284403669724774,1036.1112769783965
41.33444537114262,1037.1806087467307
41.38448707256047,1038.2131865169977
41.434528773978315,1039.2079895592346
41.48457047539616,1040.1640344847794
41.534612176814015,1041.080376218376
41.58465387823186,1041.9561089324047
41.63469557964971,1042.7903669423172
41.684737281067555,1043.5823255623889
41.73477898248541,1044.3312019209409
41.784820683903256,1045.0362557342294
41.8348623853211,1045.6967900382353
41.88490408673895,1046.3121518776325
41.934945788156796,1046.8817329512492
41.98498748957465,1047.404970213391
42.035029190992496,1047.8813464304249
42.08507089241034,1048.3103906920796
42.13511259382819,1048.691678876952
42.185154295246036,1049.024834071761
42.23519599666389,1049.3095269439386
42.28523769808174,1049.545476067181
42.33527939949958,1049.7324481996477
42.38532110091743,1049.8702585145263
42.435362802335284,1049.958770782739
42.48540450375313,1049.9978975076083
42.53544620517098,1049.9876000113497
42.585487906588824,1049.9278884733058
42.63552960800667,1049.8188219198837
42.685571309424525,1049.6605081662065
42.73561301084237,1049.4531037095342
42.78565471226022,1049.1968135745622
42.835696413678065,1048.8918911107503
42.88573811509591,1048.5386377418788
42.935779816513765,1048.1374026680837
42.98582151793161,1047.6885825206639
43.03586321934946,1047.1926209699993
43.085904920767305,1046.6500082869736
43.13594662218516,1046.0612808583255
43.185988323603006,1045.42702065642
43.23603002502085,1044.7478546639506
43.2860717264387,1044.0244542541525
43.336113427856546,1043.2575345271316
43.3861551292744,1042.4478536029706
43.436196830692246,1041.5962118723066
43.48623853211009,1040.7034512051243
43.53628023352794,1039.7704541185462
43.586321934945786,1038.7981429044405
43.63636363636364,1037.787478717713
43.68640533778149,1036.7394606261792
43.736447039199334,1035.6551246229606
43.78648874061718,1034.535542602378
43.83653044203503,1033.381821300357
43.88657214345288,1032.1951012003892
43.93661384487073,1030.9765554061369
43.986655546288574,1029.7273884817869
44.03669724770642,1028.4488352613103
44.086738949124275,1027.1421596277944
44.13678065054212,1025.8086532640639
44.18682235195997,1024.4496343758171
44.236864053377815,1023.0664463885452
44.28690575479566,1021.6604566195233
44.336947456213515,1020.2330549261791
44.38698915763136,1018.7856523321848
44.43703085904921,1017.3196796326226
44.487072560467055,1015.8365859796063
44.5371142618849,1014.3378374497576
44.587155963302756,1012.8249155949501
44.6371976647206,1011.2993159777587
44.68723936613845,1009.7625466930546
44.737281067556296,1008.2161268772167
44.78732276897415,1006.661585206424
44.837364470392,1005.1004583855209
44.88740617180984,1003.534289628943
44.93744787322769,1001.9646271352112
44.98748957464554,1000.3930225564958
45.03753127606339,998.8210294647682
45.08757297748124,997.2502018160562
45.137614678899084,995.682092414316
45.18765638031693,994.1182513764467
45.23769808173478,992.5602245999578
45.28773978315263,991.0095522348108
45.33778148457048,989.4677671609412
45.387823185988324,987.9363934729649
45.43786488740617,986.4169449735728
45.487906588824025,984.9109236770965
45.53794829024187,983.4198183247299
45.58798999165972,981.9451029128666
45.638031693077565,980.4882352360196
45.68807339449541,979.0506554457512
45.738115095913265,977.6337846270463
45.78815679733111,976.2390233935342
45.83819849874896,974.8677505029434
45.888240200166805,973.521321494166
45.93828190158465,972.2010673472702
45.988323603002506,970.9082931677938
46.03836530442035,969.6442768966125
46.0884070058382,968.410268046662
46.138448707256046,967.2074864677622
46.18849040867389,966.0371211407639
46.23853211009175,964.9003290022106
46.28857381150959,963.7982338006767
46.33861551292744,962.731924985912
46.38865721434529,961.702456631893
46.43869891576314,960.7108463948438
46.48874061718099,959.7580745072556
46.538782318598834,958.8450828089018
46.58882402001668,957.9727738158045
46.63886572143453,957.1420098280748
46.68890742285238,956.353612077506
46.73894912427023,955.608359915765
46.788990825688074,954.9069900439829
46.83903252710592,954.2501957845061
46.88907422852377,953.6386263955304
46.93911592994162,953.0728864292914
46.98915763135947,952.5535351344494
47.039199332777315,952.081085903257
47.08924103419516,951.6560057640582
47.139282735613016,951.2787149196186
47.18932443703086,950.9495863317436
47.23936613844871,950.6689453525962
47.289407839866556,950.4370694030782
47.3394495412844,950.2541876985923
47.389491242702256,950.1204810224563
47.4395329441201,950.0360815471946
47.48957464553795,950.0010727038821
47.539616346955796,950.0154890996702
47.58965804837364,950.0793164835769
47.6396997497915,950.1924917605746
47.68974145120934,950.3549030539605
47.73978315262719,950.5663898159498
47.78982485404504,950.8267429863821
47.83986655546289,951.1357051993816
47.88990825688074,951.492971037771
47.939949958298584,951.8981873349835
47.98999165971643,952.350953524178
48.04003336113428,952.850822034209
48.09007506255213,953.3972987320631
48.14011676396998,953.9898434113211
48.190158465387825,954.6278703261677
48.24020016680567,955.3107487704151
48.29024186822352,956.0378037009733
48.34028356964137,956.8083164051475
48.39032527105922,957.6215252111036
48.440366972477065,958.476626240802
48.49040867389491,959.3727742046509
48.540450375312766,960.3090832370972
48.59049207673061,961.2846277723274
48.64053377814846,962.2984434592147
48.690575479566306,963.3495281146028
48.74061718098415,964.4368427139927
48.790658882402006,965.559312418644
48.84070058381985,966.7158276380802
48.8907422852377,967.9052451269492
48.940783986655546,969.1263891151507
48.99082568807339,970.3780524701147
49.04086738949125,971.6589978900844
49.09090909090909,972.9679591272202
49.14095079232694,974.3036422393193
49.19099249374479,975.6647268689114
49.241034195162634,977.0498675484655
49.29107589658049,978.4576950304204
49.341117597998334,979.8868176407206
49.39115929941618,981.3358226545228
49.44120100083403,982.8032776927118
49.49124270225188,984.2877321378429
49.54128440366973,985.7877185681168
49.591326105087575,987.3017542079621
49.64136780650542,988.8283423937991
49.69140950792327,990.3659740535305
49.74145120934112,991.9131291982978
49.79149291075897,993.4682784250296
49.841534612176815,995.029884428297
49.89157631359466,996.5964035199804
49.94161801501251,998.1662871552434
49.99165971643036,999.7379834633115
50.04170141784821,1001.3099387815357
50.091743119266056,1002.8805991912293
50.1417848206839,1004.4484120537555
50.191826522101756,1006.0118275453532
50.2418682235196,1007.5693001891749
50.29190992493745,1009.1192903830344
50.341951626355296,1010.6602659213405
50.39199332777314,1012.1907035097237
50.442035029191,1013.7090902708522
50.492076730608844,1015.2139252399496
50.54211843202669,1016.7037208485384
50.59216013344454,1018.17700439494
50.642201834862384,1019.6323195000783
50.69224353628024,1021.0682275471484
50.742285237698084,1022.4833091037261
50.79232693911593,1023.8761653249156
50.84236864053378,1025.2454193361416
50.89241034195163,1026.589717594227
50.94245204336948,1027.9077312254058
50.992493744787325,1029.1981573389482
51.04253544620517,1030.4597203151034
51.09257714762302,1031.691173066081
51.14261884904087,1032.8912982688319
51.19266055045872,1034.0589095684013
51.242702251876565,1035.192852750674
51.29274395329441,1036.2920068833428
51.34278565471226,1037.3552854239808
51.39282735613011,1038.3816372941164
51.44286905754796,1039.3700479182505
51.492910758965806,1040.3195402267932
51.54295246038365,1041.2291756219195
51.5929941618015,1042.0980549054002
51.64303586321935,1042.9253191674818
51.6930775646372,1043.7101506359406
51.74311926605505,1044.451773484472
51.79316096747289,1045.1494545996154
51.84320266889075,1045.8025043054565
51.893244370308594,1046.4102770453878
51.94328607172644,1046.9721720202601
51.99332777314429,1047.487633782287
52.043369474562134,1047.95615278412
52.09341117597999,1048.377265882549
52.143452877397834,1048.7505567963317
52.19349457881568,1049.0756565176978
52.24353628023353,1049.3522436771234
52.293577981651374,1049.580044861013
52.34361968306923,1049.7588348819756
52.393661384487075,1049.888437001429
52.44370308590492,1049.96872310431
52.49374478732277,1049.9996138257188
52.54378648874062,1049.9810786293745
52.59382819015847,1049.9131358378006
52.643869891576315,1049.7958526142122
52.69391159299416,1049.6293448961242
52.74395329441201,1049.4137772807433
52.79399499582986,1049.14936286226
52.84403669724771,1048.836363021199
52.894078398665556,1048.4750871660383
52.9441201000834,1048.0658924273498
52.99416180150125,1047.6091833047678
53.0442035029191,1047.10541126713
53.09424520433695,1046.5550743061885
53.1442869057548,1045.9587164443324
53.19432860717264,1045.3169271968075
53.2443703085905,1044.6303409889647
53.294412010008344,1043.8996365291152
53.34445371142619,1043.1255361376084
53.39449541284404,1042.3088050328
53.444537114261884,1041.4502505746138
53.49457881567974,1040.5507214664458
53.544620517097584,1039.611106916198
53.59466221851543,1038.6323357572737
53.64470391993328,1037.615375530402
53.694745621351124,1036.5612315271974
53.74478732276898,1035.4709457964043
53.794829024186825,1034.3455961138045
53.84487072560467,1033.186294916807
53.89491242702252,1031.9941882047742
53.944954128440365,1030.7704544061748
53.99499582985822,1029.5163032136727
54.045037531276066,1028.2329743883176
54.09507923269391,1026.9217365340066
54.14512093411176,1025.583885843438
54.19516263552961,1024.2207448167896
54.24520433694746,1022.8336609543948
54.295246038365306,1021.4240054247014
54.34528773978315,1019.9931717088369
54.395329441201,1018.5425742231175
54.44537114261885,1017.0736469208582
54.4954128440367,1015.5878418748747
54.54545454545455,1014.0866278420715
54.59549624687239,1012.5714888115359
54.64553794829024,1011.0439225375779
54.695579649708094,1009.5054390591606
54.74562135112594,1007.9575592071881
54.79566305254379,1006.4018131011223
54.845704753961634,1004.8397386364236
54.89574645537949,1003.2728799642982
54.945788156797335,1001.7027859652667
54.99582985821518,1000.1310087180531
55.04587155963303,998.5591019653168
55.095913261050875,996.9886195777367
55.14595496246873,995.4211140179692
55.195996663886575,993.8581348059998
55.24603836530442,992.3012269874014
55.29608006672227,990.7519296060167
55.346121768140115,989.2117741825732
55.39616346955797,987.6822832007351
55.446205170975816,986.1649686020899
55.49624687239366,984.661330291553
55.54628857381151,983.1728546546735
55.59633027522936,981.7010130883041
55.64637197664721,980.2472605460865
55.696413678065056,978.8130341001911
55.7464553794829,977.3997515207357
55.79649708090075,976.0088098742807
55.8465387823186,974.6415841427939
55.89658048373645,973.2994258644458
55.9466221851543,971.9836617975762
55.996663886572144,970.6955926091626
56.04670558798999,969.436491589074
56.096747289407844,968.2076033913931
56.14678899082569,967.0101428040417
56.19683069224354,965.8452935479327
56.246872393661384,964.7142071068298
56.29691409507924,963.6180015890767
56.346955796497085,962.5577606223183
56.39699749791493,961.534532282306
56.44703919933278,960.5493280568473
56.497080900750625,959.6031218459243
56.54712260216848,958.6968489989687
56.597164303586325,957.8314053902432
56.64720600500417,957.0076465332484
56.69724770642202,956.2263867350232
56.747289407839865,955.4883982911838
56.79733110925772,954.7944107224865
56.847372810675566,954.1451100536801
56.89741451209341,953.5411381353509
56.94745621351126,952.9830920094372
56.997497914929106,952.4715233190383
57.04753961634696,952.0069377630999
57.097581317764806,951.5897945965189
57.14762301918265,951.220506176157
57.1976647206005,950.8994375532154
57.247706422018354,950.6269061123724
57.2977481234362,950.4031812580404
57.34778982485405,950.2284841480525
57.397831526271894,950.1029874750423
57.44787322768974,950.0268152957326
57.497914929107594,950.0000429083026
57.54795663052544,950.0226967779529
57.59799833194329,950.0947545107445
57.648040033361134,950.216144875736
57.69808173477898,950.3867478753965
57.748123436196835,950.6063948642269
57.79816513761468,950.8748687154703
57.84820683903253,951.1919040357469
57.898248540450375,951.5571874274029
57.94829024186823,951.9703577983123
57.998331943286075,952.4310067188247
58.04837364470392,952.9386788255102
58.09841534612177,953.492872271297
58.148457047539615,954.0930392215604
58.19849874895747,954.738586395672
58.248540450375316,955.428875653472
58.29858215179316,956.163224626089
58.34862385321101,956.9409073904775
58.398665554628856,957.7611551870131
58.44870725604671,958.623157179431
58.49874895746456,959.5260612563579
58.5487906588824,960.4689748736479
58.59883236030025,961.4509659366835
58.648874061718104,962.4710637217773
58.69891576313595,963.5282598357563
58.7489574645538,964.6215092127858
58.798999165971644,965.7497311474425
58.84904086738949,966.9118103630219
58.899082568807344,968.1065981140174
58.94912427022519,969.3329133216843
58.99916597164304,970.5895437415677
59.049207673060884,971.8752471618383
59.09924937447873,973.1887526312495
59.149291075896585,974.5287617155075
59.19933277731443,975.8939497808052
59.24937447873228,977.2829673032588
59.299416180150125,978.6944412029475
59.34945788156797,980.1269762012365
59.399499582985825,981.5791562000495
59.44954128440367,983.0495456817147
59.49958298582152,984.5366911280146
59.549624687239366,986.0391224570247
59.59966638865722,987.5553544763286
59.649708090075066,989.0838883511681
59.69974979149291,990.6232130860814
59.74979149291076,992.1718070185607
59.799833194328606,993.7281393232563
59.84987489574646,995.2906715252363
59.89991659716431,996.8578590208085
59.94995829858215,998.4281526044027
60.0,999.9999999999999
